comparison,base,clustered,K,base_hit,clustered_hit,diff_hit,base_mrr,clustered_mrr,diff_mrr,base_ndcg,clustered_ndcg,diff_ndcg,base_recall,clustered_recall,diff_recall
mean_features_graphsage_metacluster,graphsage_author,graphsage_author_metacluster,5,0.0116573749110102,0.010136847384274,-0.0015205275267361987,0.0065636085346341,0.0058540296740829,-0.0007095788605512004,0.0068603181280195,0.0059460862539708,-0.0009142318740487003,0.0095032947137951,0.008743030950427,-0.0007602637633681002
mean_features_graphsage_metacluster,graphsage_author,graphsage_author_metacluster,10,0.0182463247328996,0.020273694768548,0.0020273700356484015,0.0073713390156626,0.0072114416398108,-0.0001598973758518002,0.0086589911952614,0.0087378025054931,7.881131023169952e-05,0.0149940866976976,0.0169369839131832,0.0019428972154855988
mean_features_graphsage_metacluster,graphsage_author,graphsage_author_metacluster,20,0.0293968580663204,0.0309173855930566,0.0015205275267362005,0.0081538427621126,0.0079566892236471,-0.00019715353846549988,0.0111959958449006,0.0111377807334065,-5.8215111494099026e-05,0.0242439620196819,0.025764487683773,0.0015205256640910998
transformer_features_graphsage_metacluster,graphsage_transformer_author,graphsage_transformer_author_metacluster,5,0.0157121140509843,0.0116573749110102,-0.0040547391399741,0.0078476099297404,0.0058793718926608,-0.0019682380370795996,0.008448070846498,0.0063186110928654,-0.0021294597536326,0.0132201388478279,0.0096722422167658,-0.0035478966310620984
transformer_features_graphsage_metacluster,graphsage_transformer_author,graphsage_transformer_author_metacluster,10,0.0223010648041963,0.0212873797863721,-0.0010136850178241973,0.0086420653387904,0.0072013856843113,-0.0014406796544790997,0.010217553935945,0.0092449439689517,-0.000972609966993299,0.0185842216014862,0.0183307994157075,-0.00025342218577869766
transformer_features_graphsage_metacluster,graphsage_transformer_author,graphsage_transformer_author_metacluster,20,0.0364926494657993,0.0329447537660598,-0.003547895699739498,0.009630374610424,0.0079888310283422,-0.0016415435820818,0.0136238569393754,0.0118842162191867,-0.001739640720188701,0.0310863330960273,0.0282142255455255,-0.0028721075505018026
